{
  "cli": {
    "version": ">= 11.0.0"
  },
  "build": {
    "development": {
      "developmentClient": true,
      "distribution": "internal"
    },
    "preview": {
      "distribution": "internal"
    },
    "production": {
      "android": {
        "buildType": "app-bundle"
      },
      "ios": {
        "simulator": false
      }
    }
  },
  "submit": {
    "production": {
      "ios": {
        "appleId": "your-apple-id@example.com",
        "ascAppId": "1234567890"
      },
      "android": {
        "serviceAccountKeyPath": "./store/android-service-account.json"
      }
    }
  }
}
