{
  "cli": {
    "version": ">= 3.16.0"
  },
  "build": {
    "staging": {
      "distribution": "internal",
      "env": {
        "EXPO_PUBLIC_API_BASE": "https://staging.api.yourdomain.com",
        "EXPO_PUBLIC_SENTRY_TRACES_SAMPLE_RATE": "0.2",
        "EXPO_PUBLIC_SENTRY_PROFILES_SAMPLE_RATE": "0.1"
      }
    },
    "production": {
      "env": {
        "EXPO_PUBLIC_API_BASE": "https://api.yourdomain.com",
        "EXPO_PUBLIC_SENTRY_TRACES_SAMPLE_RATE": "0.05",
        "EXPO_PUBLIC_SENTRY_PROFILES_SAMPLE_RATE": "0.02"
      }
    }
  }
}